{
  "n_high_total": 3744,
  "score_threshold": 1.0,
  "families": [
    {
      "cluster": 0,
      "n_records": 235,
      "n_hunt": 235,
      "n_6f5": 0,
      "mean_score": 1.0,
      "max_score": 1.0,
      "rep_score": 71.0,
      "rep_tier": "C",
      "rep_d_params": [
        [
          0.5,
          3.5
        ],
        [
          0.5,
          3.5
        ],
        [
          -2.0,
          1.5
        ],
        [
          -1.0,
          -1.5
        ]
      ],
      "rep_limit": "0.0854887343832158880333777797868972323095483751557488113705",
      "top5_distinct": [
        {
          "score": 71.0,
          "tier": "C",
          "d_params": [
            [
              0.5,
              3.5
            ],
            [
              0.5,
              3.5
            ],
            [
              -2.0,
              1.5
            ],
            [
              -1.0,
              -1.5
            ]
          ],
          "limit": "0.085488734383215888033377779786897232309548375155",
          "fp8": "be320145"
        },
        {
          "score": 69.0,
          "tier": "C",
          "d_params": [
            [
              -0.5,
              1.5
            ],
            [
              -2.0,
              -1.5
            ],
            [
              1.5,
              3.5
            ],
            [
              2.0,
              1.5
            ]
          ],
          "limit": "0.059699069645232840624919656583877513979327361237",
          "fp8": "808c84c0"
        }
      ]
    },
    {
      "cluster": 1,
      "n_records": 158,
      "n_hunt": 158,
      "n_6f5": 0,
      "mean_score": 1.0,
      "max_score": 1.0,
      "rep_score": 71.0,
      "rep_tier": "C",
      "rep_d_params": [
        [
          -0.5,
          1.5
        ],
        [
          -2.0,
          3.5
        ],
        [
          1.0,
          2.5
        ],
        [
          -0.5,
          -1.5
        ]
      ],
      "rep_limit": "0.1219645428703185960024562578767609550814380224649850569036",
      "top5_distinct": [
        {
          "score": 71.0,
          "tier": "C",
          "d_params": [
            [
              -0.5,
              1.5
            ],
            [
              -2.0,
              3.5
            ],
            [
              1.0,
              2.5
            ],
            [
              -0.5,
              -1.5
            ]
          ],
          "limit": "0.121964542870318596002456257876760955081438022464",
          "fp8": "165c8aaa"
        },
        {
          "score": 70.2,
          "tier": "C",
          "d_params": [
            [
              -0.5,
              1.5
            ],
            [
              -2.0,
              4.5
            ],
            [
              2.0,
              2.5
            ],
            [
              -0.5,
              -1.5
            ]
          ],
          "limit": "0.112346079333602952895083227488765430926746106286",
          "fp8": "d350fb5e"
        }
      ]
    },
    {
      "cluster": 2,
      "n_records": 318,
      "n_hunt": 318,
      "n_6f5": 0,
      "mean_score": 1.0,
      "max_score": 1.0,
      "rep_score": 71.0,
      "rep_tier": "A",
      "rep_d_params": [
        [
          -0.5,
          2.5
        ],
        [
          -2.0,
          -0.5
        ],
        [
          2.0,
          0.5
        ],
        [
          2.0,
          -1.5
        ]
      ],
      "rep_limit": "0.0344854657434333264159203080664118688057636754009853376049",
      "top5_distinct": [
        {
          "score": 71.0,
          "tier": "A",
          "d_params": [
            [
              -0.5,
              2.5
            ],
            [
              -2.0,
              -0.5
            ],
            [
              2.0,
              0.5
            ],
            [
              2.0,
              -1.5
            ]
          ],
          "limit": "0.034485465743433326415920308066411868805763675400",
          "fp8": "bf775a25"
        }
      ]
    },
    {
      "cluster": 3,
      "n_records": 359,
      "n_hunt": 359,
      "n_6f5": 0,
      "mean_score": 1.0,
      "max_score": 1.0,
      "rep_score": 69.0,
      "rep_tier": "C",
      "rep_d_params": [
        [
          -0.5,
          2.5
        ],
        [
          -2.0,
          -1.5
        ],
        [
          1.5,
          3.5
        ],
        [
          2.0,
          -0.5
        ]
      ],
      "rep_limit": "0.0596990696452328406249196565838775139793273612373550705703",
      "top5_distinct": [
        {
          "score": 69.0,
          "tier": "C",
          "d_params": [
            [
              -0.5,
              2.5
            ],
            [
              -2.0,
              -1.5
            ],
            [
              1.5,
              3.5
            ],
            [
              2.0,
              -0.5
            ]
          ],
          "limit": "0.059699069645232840624919656583877513979327361237",
          "fp8": "808c84c0"
        },
        {
          "score": 71.0,
          "tier": "A",
          "d_params": [
            [
              -0.5,
              3.5
            ],
            [
              -2.0,
              -0.5
            ],
            [
              2.0,
              2.5
            ],
            [
              2.0,
              -1.5
            ]
          ],
          "limit": "0.034485465743433326415920308066411868805763675400",
          "fp8": "bf775a25"
        },
        {
          "score": 71.0,
          "tier": "C",
          "d_params": [
            [
              0.5,
              2.5
            ],
            [
              -2.0,
              -2.5
            ],
            [
              -2.0,
              1.5
            ],
            [
              2.0,
              0.5
            ]
          ],
          "limit": "0.062497475071207340767984218344107042016682604653",
          "fp8": "914ccd96"
        },
        {
          "score": 70.2,
          "tier": "C",
          "d_params": [
            [
              -0.5,
              -1.5
            ],
            [
              -0.5,
              0.5
            ],
            [
              -1.5,
              0.5
            ],
            [
              2.0,
              -1.5
            ]
          ],
          "limit": "0.050241163193380169738428713590657234849159937534",
          "fp8": "31b2a389"
        }
      ]
    },
    {
      "cluster": 4,
      "n_records": 633,
      "n_hunt": 633,
      "n_6f5": 0,
      "mean_score": 1.0,
      "max_score": 1.0,
      "rep_score": 71.0,
      "rep_tier": "A",
      "rep_d_params": [
        [
          -0.5,
          2.5
        ],
        [
          -0.5,
          5.5
        ],
        [
          -1.5,
          3.5
        ],
        [
          2.0,
          0.5
        ]
      ],
      "rep_limit": "0.0597037606696290702140768489777781258262289169688056813458",
      "top5_distinct": [
        {
          "score": 71.0,
          "tier": "A",
          "d_params": [
            [
              -0.5,
              2.5
            ],
            [
              -0.5,
              5.5
            ],
            [
              -1.5,
              3.5
            ],
            [
              2.0,
              0.5
            ]
          ],
          "limit": "0.059703760669629070214076848977778125826228916968",
          "fp8": "5fde399a"
        }
      ]
    },
    {
      "cluster": 5,
      "n_records": 224,
      "n_hunt": 224,
      "n_6f5": 0,
      "mean_score": 1.0,
      "max_score": 1.0,
      "rep_score": 71.0,
      "rep_tier": "C",
      "rep_d_params": [
        [
          0.5,
          2.5
        ],
        [
          0.5,
          1.5
        ],
        [
          -2.0,
          1.5
        ],
        [
          -1.0,
          0.5
        ]
      ],