{
  "mu": [
    136.36366271972656,
    16.348590850830078,
    26.68309783935547
  ],
  "sigma": [
    83.66742706298828,
    2.0542712211608887,
    19.435476303100586
  ]
}